,danceability,energy,key,loudness,mode,speechiness,acousticness,instrumentalness,liveness,valence,tempo,type,id,uri,track_href,analysis_url,duration_ms,time_signature,track_name,track_id,artist_name,artist_id
0,0.271,0.416,11,-8.38,1,0.0354,0.673,0.862,0.105,0.0607,77.553,audio_features,5Gp3ojhmJvHPutZcGVR8JF,spotify:track:5Gp3ojhmJvHPutZcGVR8JF,https://api.spotify.com/v1/tracks/5Gp3ojhmJvHPutZcGVR8JF,https://api.spotify.com/v1/audio-analysis/5Gp3ojhmJvHPutZcGVR8JF,133474,5,Between Broken,spotify:track:5Gp3ojhmJvHPutZcGVR8JF,Dabin,7lZauDnRoAC3kmaYae2opv
1,0.609,0.639,11,-6.239,1,0.0297,0.0193,6.29e-06,0.0623,0.435,129.976,audio_features,6uWjyVRDBaTnYGleHuQ19Q,spotify:track:6uWjyVRDBaTnYGleHuQ19Q,https://api.spotify.com/v1/tracks/6uWjyVRDBaTnYGleHuQ19Q,https://api.spotify.com/v1/audio-analysis/6uWjyVRDBaTnYGleHuQ19Q,182988,4,When This Is Over,spotify:track:6uWjyVRDBaTnYGleHuQ19Q,Dabin,7lZauDnRoAC3kmaYae2opv
2,0.368,0.754,1,-5.185,1,0.0502,0.00928,0.0,0.256,0.281,169.881,audio_features,4q7jvS0znF9gBVk7WblXnm,spotify:track:4q7jvS0znF9gBVk7WblXnm,https://api.spotify.com/v1/tracks/4q7jvS0znF9gBVk7WblXnm,https://api.spotify.com/v1/audio-analysis/4q7jvS0znF9gBVk7WblXnm,258679,4,Drown,spotify:track:4q7jvS0znF9gBVk7WblXnm,Dabin,7lZauDnRoAC3kmaYae2opv
3,0.541,0.71,7,-4.867,1,0.0349,0.0465,3.6e-06,0.115,0.232,110.914,audio_features,1zTH51dGFgmP4CeNa3cFFr,spotify:track:1zTH51dGFgmP4CeNa3cFFr,https://api.spotify.com/v1/tracks/1zTH51dGFgmP4CeNa3cFFr,https://api.spotify.com/v1/audio-analysis/1zTH51dGFgmP4CeNa3cFFr,196739,4,Again,spotify:track:1zTH51dGFgmP4CeNa3cFFr,Dabin,7lZauDnRoAC3kmaYae2opv
4,0.458,0.67,10,-4.993,1,0.0397,0.025,3.78e-06,0.358,0.107,160.05,audio_features,5LuQvkBG365ue36BMujtSz,spotify:track:5LuQvkBG365ue36BMujtSz,https://api.spotify.com/v1/tracks/5LuQvkBG365ue36BMujtSz,https://api.spotify.com/v1/audio-analysis/5LuQvkBG365ue36BMujtSz,243028,4,Starbright,spotify:track:5LuQvkBG365ue36BMujtSz,Dabin,7lZauDnRoAC3kmaYae2opv
5,0.534,0.513,4,-8.84,1,0.0285,0.54,0.944,0.152,0.152,113.987,audio_features,55FGYIWApGvNbCJ6drGHUm,spotify:track:55FGYIWApGvNbCJ6drGHUm,https://api.spotify.com/v1/tracks/55FGYIWApGvNbCJ6drGHUm,https://api.spotify.com/v1/audio-analysis/55FGYIWApGvNbCJ6drGHUm,178412,3,Komorebi,spotify:track:55FGYIWApGvNbCJ6drGHUm,Dabin,7lZauDnRoAC3kmaYae2opv
6,0.394,0.736,2,-3.817,1,0.0499,0.0243,0.0,0.0617,0.426,139.869,audio_features,50BjPZRMhOrKePHDJKWnoo,spotify:track:50BjPZRMhOrKePHDJKWnoo,https://api.spotify.com/v1/tracks/50BjPZRMhOrKePHDJKWnoo,https://api.spotify.com/v1/audio-analysis/50BjPZRMhOrKePHDJKWnoo,196878,4,Smoke Signals,spotify:track:50BjPZRMhOrKePHDJKWnoo,Dabin,7lZauDnRoAC3kmaYae2opv
7,0.465,0.69,5,-5.171,1,0.0394,0.0515,9.04e-06,0.112,0.284,145.013,audio_features,2hLTRKz5pc8SPWa1dJ7yyi,spotify:track:2hLTRKz5pc8SPWa1dJ7yyi,https://api.spotify.com/v1/tracks/2hLTRKz5pc8SPWa1dJ7yyi,https://api.spotify.com/v1/audio-analysis/2hLTRKz5pc8SPWa1dJ7yyi,217347,4,Holding On,spotify:track:2hLTRKz5pc8SPWa1dJ7yyi,Dabin,7lZauDnRoAC3kmaYae2opv
8,0.639,0.826,0,-4.152,1,0.0345,0.000436,0.00342,0.166,0.425,125.068,audio_features,0jJd45oD8NW2SeIbzHhJDQ,spotify:track:0jJd45oD8NW2SeIbzHhJDQ,https://api.spotify.com/v1/tracks/0jJd45oD8NW2SeIbzHhJDQ,https://api.spotify.com/v1/audio-analysis/0jJd45oD8NW2SeIbzHhJDQ,188628,4,Forever,spotify:track:0jJd45oD8NW2SeIbzHhJDQ,Dabin,7lZauDnRoAC3kmaYae2opv
9,0.336,0.666,2,-4.828,1,0.0478,0.00507,0.0,0.265,0.179,79.834,audio_features,1LuG9m0p2OQ9dO97dYUzIM,spotify:track:1LuG9m0p2OQ9dO97dYUzIM,https://api.spotify.com/v1/tracks/1LuG9m0p2OQ9dO97dYUzIM,https://api.spotify.com/v1/audio-analysis/1LuG9m0p2OQ9dO97dYUzIM,220735,4,Ready,spotify:track:1LuG9m0p2OQ9dO97dYUzIM,Dabin,7lZauDnRoAC3kmaYae2opv
10,0.554,0.65,11,-4.514,0,0.0298,0.0923,0.0,0.212,0.219,120.014,audio_features,0TXsLFl5gtlkuiTi6w72xo,spotify:track:0TXsLFl5gtlkuiTi6w72xo,https://api.spotify.com/v1/tracks/0TXsLFl5gtlkuiTi6w72xo,https://api.spotify.com/v1/audio-analysis/0TXsLFl5gtlkuiTi6w72xo,258655,4,Hope It Hurts,spotify:track:0TXsLFl5gtlkuiTi6w72xo,Dabin,7lZauDnRoAC3kmaYae2opv
11,0.485,0.705,1,-5.576,1,0.0351,0.335,6.48e-05,0.0987,0.14,130.159,audio_features,5EwWFDHwehCMl5h1zJHAr2,spotify:track:5EwWFDHwehCMl5h1zJHAr2,https://api.spotify.com/v1/tracks/5EwWFDHwehCMl5h1zJHAr2,https://api.spotify.com/v1/audio-analysis/5EwWFDHwehCMl5h1zJHAr2,211330,4,Remember,spotify:track:5EwWFDHwehCMl5h1zJHAr2,Dabin,7lZauDnRoAC3kmaYae2opv
12,0.571,0.708,1,-3.833,1,0.0327,0.0202,0.0,0.162,0.49,114.872,audio_features,5r6kNW81T6RV3mMmjVYRNa,spotify:track:5r6kNW81T6RV3mMmjVYRNa,https://api.spotify.com/v1/tracks/5r6kNW81T6RV3mMmjVYRNa,https://api.spotify.com/v1/audio-analysis/5r6kNW81T6RV3mMmjVYRNa,200347,4,Feel Like,spotify:track:5r6kNW81T6RV3mMmjVYRNa,Dabin,7lZauDnRoAC3kmaYae2opv
13,0.541,0.714,5,-6.087,1,0.0468,0.336,0.0,0.147,0.154,146.985,audio_features,7eX6shb3DtUTF62sVvkplc,spotify:track:7eX6shb3DtUTF62sVvkplc,https://api.spotify.com/v1/tracks/7eX6shb3DtUTF62sVvkplc,https://api.spotify.com/v1/audio-analysis/7eX6shb3DtUTF62sVvkplc,192250,4,Holding On - yetep Remix,spotify:track:7eX6shb3DtUTF62sVvkplc,Dabin,7lZauDnRoAC3kmaYae2opv
14,0.427,0.936,2,-1.45,0,0.198,0.04,0.00166,0.187,0.227,144.877,audio_features,4kbzXzMXEjPYVqpnRsE4Xk,spotify:track:4kbzXzMXEjPYVqpnRsE4Xk,https://api.spotify.com/v1/tracks/4kbzXzMXEjPYVqpnRsE4Xk,https://api.spotify.com/v1/audio-analysis/4kbzXzMXEjPYVqpnRsE4Xk,192000,4,Holding On - Kompany Remix,spotify:track:4kbzXzMXEjPYVqpnRsE4Xk,Dabin,7lZauDnRoAC3kmaYae2opv
15,0.42,0.891,1,-2.588,1,0.128,0.00598,0.0,0.367,0.219,169.996,audio_features,06lTnA61hL6EWnhVx6B0SL,spotify:track:06lTnA61hL6EWnhVx6B0SL,https://api.spotify.com/v1/tracks/06lTnA61hL6EWnhVx6B0SL,https://api.spotify.com/v1/audio-analysis/06lTnA61hL6EWnhVx6B0SL,271059,4,Drown - Blanke Remix,spotify:track:06lTnA61hL6EWnhVx6B0SL,Dabin,7lZauDnRoAC3kmaYae2opv
16,0.305,0.906,1,-1.204,1,0.0495,0.0118,0.0,0.0945,0.154,176.081,audio_features,3vvx0WIDFIkfSjZIY4hKto,spotify:track:3vvx0WIDFIkfSjZIY4hKto,https://api.spotify.com/v1/tracks/3vvx0WIDFIkfSjZIY4hKto,https://api.spotify.com/v1/audio-analysis/3vvx0WIDFIkfSjZIY4hKto,248182,4,Drown - Mazare Remix,spotify:track:3vvx0WIDFIkfSjZIY4hKto,Dabin,7lZauDnRoAC3kmaYae2opv
17,0.361,0.785,1,-3.297,1,0.107,0.0235,0.0,0.0701,0.0592,169.924,audio_features,0ApSG9aYTDYWh2i7ryYbcg,spotify:track:0ApSG9aYTDYWh2i7ryYbcg,https://api.spotify.com/v1/tracks/0ApSG9aYTDYWh2i7ryYbcg,https://api.spotify.com/v1/audio-analysis/0ApSG9aYTDYWh2i7ryYbcg,242824,4,Drown - Effin Remix,spotify:track:0ApSG9aYTDYWh2i7ryYbcg,Dabin,7lZauDnRoAC3kmaYae2opv
18,0.483,0.663,1,-7.041,1,0.0456,0.00652,3.18e-05,0.159,0.225,100.386,audio_features,03bpVdwut3CaGnAMONf92B,spotify:track:03bpVdwut3CaGnAMONf92B,https://api.spotify.com/v1/tracks/03bpVdwut3CaGnAMONf92B,https://api.spotify.com/v1/audio-analysis/03bpVdwut3CaGnAMONf92B,259200,4,"Drown - Skybreak, N33T Remix",spotify:track:03bpVdwut3CaGnAMONf92B,Dabin,7lZauDnRoAC3kmaYae2opv
19,0.406,0.952,1,-1.145,1,0.067,0.00262,6.73e-05,0.284,0.292,174.012,audio_features,2OmT8zn16N7RaF0DUILOPO,spotify:track:2OmT8zn16N7RaF0DUILOPO,https://api.spotify.com/v1/tracks/2OmT8zn16N7RaF0DUILOPO,https://api.spotify.com/v1/audio-analysis/2OmT8zn16N7RaF0DUILOPO,252414,4,Drown - Protostar Remix,spotify:track:2OmT8zn16N7RaF0DUILOPO,Dabin,7lZauDnRoAC3kmaYae2opv
20,0.604,0.777,5,-4.715,1,0.132,0.253,0.0,0.089,0.478,128.027,audio_features,3FzNaPNyPmzGAFAUIJkyKs,spotify:track:3FzNaPNyPmzGAFAUIJkyKs,https://api.spotify.com/v1/tracks/3FzNaPNyPmzGAFAUIJkyKs,https://api.spotify.com/v1/audio-analysis/3FzNaPNyPmzGAFAUIJkyKs,191250,4,Another Day - Duumu Remix,spotify:track:3FzNaPNyPmzGAFAUIJkyKs,Dabin,7lZauDnRoAC3kmaYae2opv
21,0.581,0.835,5,-2.779,0,0.0574,0.0503,1.81e-05,0.155,0.597,159.982,audio_features,1gtf7twhaMDJyCHo15x5O9,spotify:track:1gtf7twhaMDJyCHo15x5O9,https://api.spotify.com/v1/tracks/1gtf7twhaMDJyCHo15x5O9,https://api.spotify.com/v1/audio-analysis/1gtf7twhaMDJyCHo15x5O9,217500,4,Rings & Roses - Anki Remix,spotify:track:1gtf7twhaMDJyCHo15x5O9,Dabin,7lZauDnRoAC3kmaYae2opv
22,0.47,0.806,11,-3.829,0,0.0836,0.0279,0.0,0.127,0.102,75.059,audio_features,70vBMmCfwALSCDs8GIR2lv,spotify:track:70vBMmCfwALSCDs8GIR2lv,https://api.spotify.com/v1/tracks/70vBMmCfwALSCDs8GIR2lv,https://api.spotify.com/v1/audio-analysis/70vBMmCfwALSCDs8GIR2lv,300800,4,Rings & Roses - Slippy Remix,spotify:track:70vBMmCfwALSCDs8GIR2lv,Dabin,7lZauDnRoAC3kmaYae2opv
23,0.482,0.842,3,-3.114,1,0.233,0.0716,0.0,0.0833,0.509,172.822,audio_features,4O9OANmQOWVPsIiF9ypKi5,spotify:track:4O9OANmQOWVPsIiF9ypKi5,https://api.spotify.com/v1/tracks/4O9OANmQOWVPsIiF9ypKi5,https://api.spotify.com/v1/audio-analysis/4O9OANmQOWVPsIiF9ypKi5,215029,4,Part-Time Lover - Crystal Skies Remix,spotify:track:4O9OANmQOWVPsIiF9ypKi5,Dabin,7lZauDnRoAC3kmaYae2opv
24,0.577,0.776,7,-3.031,1,0.0306,0.041,0.000115,0.0717,0.188,142.007,audio_features,6cnUdI0Af8zQhWEuQO90Lm,spotify:track:6cnUdI0Af8zQhWEuQO90Lm,https://api.spotify.com/v1/tracks/6cnUdI0Af8zQhWEuQO90Lm,https://api.spotify.com/v1/audio-analysis/6cnUdI0Af8zQhWEuQO90Lm,218028,4,Lights - Fransis Derelle Remix,spotify:track:6cnUdI0Af8zQhWEuQO90Lm,Dabin,7lZauDnRoAC3kmaYae2opv
25,0.386,0.487,7,-7.334,1,0.039,0.154,1.09e-06,0.143,0.11,149.994,audio_features,7wwGSxkdwuH5MvDHaysAmM,spotify:track:7wwGSxkdwuH5MvDHaysAmM,https://api.spotify.com/v1/tracks/7wwGSxkdwuH5MvDHaysAmM,https://api.spotify.com/v1/audio-analysis/7wwGSxkdwuH5MvDHaysAmM,235200,4,Lights - Covex and Last Heroes Remix,spotify:track:7wwGSxkdwuH5MvDHaysAmM,Dabin,7lZauDnRoAC3kmaYae2opv
26,0.58,0.667,10,-7.205,1,0.0877,0.158,1.25e-05,0.276,0.239,86.796,audio_features,24z0d9MyzTFa498NII2dyU,spotify:track:24z0d9MyzTFa498NII2dyU,https://api.spotify.com/v1/tracks/24z0d9MyzTFa498NII2dyU,https://api.spotify.com/v1/audio-analysis/24z0d9MyzTFa498NII2dyU,207241,4,Youth - sober rob Remix,spotify:track:24z0d9MyzTFa498NII2dyU,Dabin,7lZauDnRoAC3kmaYae2opv
27,0.625,0.846,7,-3.512,0,0.0817,0.03,5.78e-05,0.252,0.115,95.972,audio_features,0mLIc23HxcRH8NW4oSHtEt,spotify:track:0mLIc23HxcRH8NW4oSHtEt,https://api.spotify.com/v1/tracks/0mLIc23HxcRH8NW4oSHtEt,https://api.spotify.com/v1/audio-analysis/0mLIc23HxcRH8NW4oSHtEt,291250,4,Youth - Sam Lamar Remix,spotify:track:0mLIc23HxcRH8NW4oSHtEt,Dabin,7lZauDnRoAC3kmaYae2opv
28,0.458,0.912,7,-3.119,0,0.0588,0.000445,0.0166,0.184,0.119,150.027,audio_features,20FNQqcJQmXfXag3g48UbE,spotify:track:20FNQqcJQmXfXag3g48UbE,https://api.spotify.com/v1/tracks/20FNQqcJQmXfXag3g48UbE,https://api.spotify.com/v1/audio-analysis/20FNQqcJQmXfXag3g48UbE,281600,4,Altitude - Ray Volpe Remix,spotify:track:20FNQqcJQmXfXag3g48UbE,Dabin,7lZauDnRoAC3kmaYae2opv
29,0.547,0.625,9,-8.794,0,0.0466,0.012,0.00037,0.111,0.251,144.95,audio_features,7mOOaZDqaDysFjF26TsJqJ,spotify:track:7mOOaZDqaDysFjF26TsJqJ,https://api.spotify.com/v1/tracks/7mOOaZDqaDysFjF26TsJqJ,https://api.spotify.com/v1/audio-analysis/7mOOaZDqaDysFjF26TsJqJ,204095,4,Altitude - WE ARE FURY Remix,spotify:track:7mOOaZDqaDysFjF26TsJqJ,Dabin,7lZauDnRoAC3kmaYae2opv
30,0.488,0.757,8,-3.942,1,0.0525,0.00569,2.11e-05,0.164,0.266,92.0,audio_features,34oVEzFDe1t4te0P4agePd,spotify:track:34oVEzFDe1t4te0P4agePd,https://api.spotify.com/v1/tracks/34oVEzFDe1t4te0P4agePd,https://api.spotify.com/v1/audio-analysis/34oVEzFDe1t4te0P4agePd,210835,4,In Flames - Astrale Remix,spotify:track:34oVEzFDe1t4te0P4agePd,Dabin,7lZauDnRoAC3kmaYae2opv
31,0.361,0.855,8,-2.871,1,0.0522,0.00812,0.0012,0.0779,0.13,86.019,audio_features,6zMsHVjhP7YiqnCyyIVPdh,spotify:track:6zMsHVjhP7YiqnCyyIVPdh,https://api.spotify.com/v1/tracks/6zMsHVjhP7YiqnCyyIVPdh,https://api.spotify.com/v1/audio-analysis/6zMsHVjhP7YiqnCyyIVPdh,276279,4,In Flames - Outwild Remix,spotify:track:6zMsHVjhP7YiqnCyyIVPdh,Dabin,7lZauDnRoAC3kmaYae2opv
32,0.297,0.708,10,-5.21,1,0.046,0.573,0.0,0.0738,0.238,95.499,audio_features,2UIKxonpxERGoUYsFfCln0,spotify:track:2UIKxonpxERGoUYsFfCln0,https://api.spotify.com/v1/tracks/2UIKxonpxERGoUYsFfCln0,https://api.spotify.com/v1/audio-analysis/2UIKxonpxERGoUYsFfCln0,204632,3,Home - Mazare Remix,spotify:track:2UIKxonpxERGoUYsFfCln0,Dabin,7lZauDnRoAC3kmaYae2opv
33,0.696,0.659,7,-6.688,0,0.0308,0.0406,0.000601,0.598,0.329,134.069,audio_features,2kkxk4MT5h9F9H33jd2kAG,spotify:track:2kkxk4MT5h9F9H33jd2kAG,https://api.spotify.com/v1/tracks/2kkxk4MT5h9F9H33jd2kAG,https://api.spotify.com/v1/audio-analysis/2kkxk4MT5h9F9H33jd2kAG,209552,4,Bloom - IHF Remix,spotify:track:2kkxk4MT5h9F9H33jd2kAG,Dabin,7lZauDnRoAC3kmaYae2opv
34,0.51,0.66,1,-5.22,1,0.039,0.312,7.67e-05,0.108,0.277,126.937,audio_features,7KwPfZm8QcZ1n9J5gAWfuW,spotify:track:7KwPfZm8QcZ1n9J5gAWfuW,https://api.spotify.com/v1/tracks/7KwPfZm8QcZ1n9J5gAWfuW,https://api.spotify.com/v1/audio-analysis/7KwPfZm8QcZ1n9J5gAWfuW,251339,4,Bloom - Nurko Remix,spotify:track:7KwPfZm8QcZ1n9J5gAWfuW,Dabin,7lZauDnRoAC3kmaYae2opv
35,0.397,0.672,11,-5.463,1,0.0712,0.0303,1.21e-06,0.068,0.316,155.036,audio_features,3i8IV2Gw4GG1D6Zhvf678s,spotify:track:3i8IV2Gw4GG1D6Zhvf678s,https://api.spotify.com/v1/tracks/3i8IV2Gw4GG1D6Zhvf678s,https://api.spotify.com/v1/audio-analysis/3i8IV2Gw4GG1D6Zhvf678s,247742,4,Alive - Trivecta Remix,spotify:track:3i8IV2Gw4GG1D6Zhvf678s,Dabin,7lZauDnRoAC3kmaYae2opv
36,0.464,0.63,11,-6.531,1,0.0434,0.13,0.0,0.115,0.205,77.577,audio_features,4x7mldT9B1lHeOFqjZSdLf,spotify:track:4x7mldT9B1lHeOFqjZSdLf,https://api.spotify.com/v1/tracks/4x7mldT9B1lHeOFqjZSdLf,https://api.spotify.com/v1/audio-analysis/4x7mldT9B1lHeOFqjZSdLf,354581,4,Alive - MitiS Remix,spotify:track:4x7mldT9B1lHeOFqjZSdLf,Dabin,7lZauDnRoAC3kmaYae2opv
37,0.601,0.701,5,-4.98,1,0.0355,0.0175,0.000129,0.104,0.409,119.985,audio_features,5mdyJydkKp5Qp71n3sed3d,spotify:track:5mdyJydkKp5Qp71n3sed3d,https://api.spotify.com/v1/tracks/5mdyJydkKp5Qp71n3sed3d,https://api.spotify.com/v1/audio-analysis/5mdyJydkKp5Qp71n3sed3d,182062,4,Another Day,spotify:track:5mdyJydkKp5Qp71n3sed3d,Dabin,7lZauDnRoAC3kmaYae2opv
38,0.448,0.642,7,-5.118,1,0.0437,0.0403,2.78e-06,0.106,0.18,149.771,audio_features,1R1vlmRWwnuxw6Qb70I75P,spotify:track:1R1vlmRWwnuxw6Qb70I75P,https://api.spotify.com/v1/tracks/1R1vlmRWwnuxw6Qb70I75P,https://api.spotify.com/v1/audio-analysis/1R1vlmRWwnuxw6Qb70I75P,236800,4,Rings & Roses,spotify:track:1R1vlmRWwnuxw6Qb70I75P,Dabin,7lZauDnRoAC3kmaYae2opv
39,0.465,0.77,3,-3.738,1,0.0692,0.0138,0.0,0.0956,0.358,172.747,audio_features,7iYMW4Ww40RAbfeccmzMQa,spotify:track:7iYMW4Ww40RAbfeccmzMQa,https://api.spotify.com/v1/tracks/7iYMW4Ww40RAbfeccmzMQa,https://api.spotify.com/v1/audio-analysis/7iYMW4Ww40RAbfeccmzMQa,219191,4,Part-Time Lover,spotify:track:7iYMW4Ww40RAbfeccmzMQa,Dabin,7lZauDnRoAC3kmaYae2opv
40,0.298,0.579,7,-5.425,1,0.0465,0.0588,0.0,0.115,0.131,160.067,audio_features,7JWVoYwmKrFWpHaXCCcyiH,spotify:track:7JWVoYwmKrFWpHaXCCcyiH,https://api.spotify.com/v1/tracks/7JWVoYwmKrFWpHaXCCcyiH,https://api.spotify.com/v1/audio-analysis/7JWVoYwmKrFWpHaXCCcyiH,248250,4,Lights,spotify:track:7JWVoYwmKrFWpHaXCCcyiH,Dabin,7lZauDnRoAC3kmaYae2opv
41,0.432,0.676,7,-7.659,0,0.11,0.141,2.44e-06,0.299,0.351,179.987,audio_features,1WpcDNuy4BDoYH3iF0S1Mu,spotify:track:1WpcDNuy4BDoYH3iF0S1Mu,https://api.spotify.com/v1/tracks/1WpcDNuy4BDoYH3iF0S1Mu,https://api.spotify.com/v1/audio-analysis/1WpcDNuy4BDoYH3iF0S1Mu,264000,4,Youth,spotify:track:1WpcDNuy4BDoYH3iF0S1Mu,Dabin,7lZauDnRoAC3kmaYae2opv
42,0.337,0.716,9,-7.895,0,0.0503,0.00712,0.0177,0.123,0.154,145.029,audio_features,6D8M66413xdEl9KqxKSlFq,spotify:track:6D8M66413xdEl9KqxKSlFq,https://api.spotify.com/v1/tracks/6D8M66413xdEl9KqxKSlFq,https://api.spotify.com/v1/audio-analysis/6D8M66413xdEl9KqxKSlFq,207310,4,Altitude,spotify:track:6D8M66413xdEl9KqxKSlFq,Dabin,7lZauDnRoAC3kmaYae2opv
43,0.48,0.73,5,-4.352,0,0.0366,0.00841,0.0,0.103,0.295,91.988,audio_features,44oL4Cwc1jkTxLH5kwHe1a,spotify:track:44oL4Cwc1jkTxLH5kwHe1a,https://api.spotify.com/v1/tracks/44oL4Cwc1jkTxLH5kwHe1a,https://api.spotify.com/v1/audio-analysis/44oL4Cwc1jkTxLH5kwHe1a,204783,4,In Flames,spotify:track:44oL4Cwc1jkTxLH5kwHe1a,Dabin,7lZauDnRoAC3kmaYae2opv
44,0.403,0.658,7,-4.987,0,0.0429,0.00279,3.24e-05,0.149,0.161,179.908,audio_features,67bB1U7hiXlPL57g9nqrhV,spotify:track:67bB1U7hiXlPL57g9nqrhV,https://api.spotify.com/v1/tracks/67bB1U7hiXlPL57g9nqrhV,https://api.spotify.com/v1/audio-analysis/67bB1U7hiXlPL57g9nqrhV,263000,3,Home,spotify:track:67bB1U7hiXlPL57g9nqrhV,Dabin,7lZauDnRoAC3kmaYae2opv
45,0.599,0.565,1,-6.304,1,0.0265,0.227,4.32e-05,0.0984,0.142,134.125,audio_features,0lw9uF9EXHY06DtbTWa2l9,spotify:track:0lw9uF9EXHY06DtbTWa2l9,https://api.spotify.com/v1/tracks/0lw9uF9EXHY06DtbTWa2l9,https://api.spotify.com/v1/audio-analysis/0lw9uF9EXHY06DtbTWa2l9,240000,4,Bloom,spotify:track:0lw9uF9EXHY06DtbTWa2l9,Dabin,7lZauDnRoAC3kmaYae2opv
46,0.383,0.566,11,-6.179,1,0.0435,0.134,0.0,0.135,0.234,154.0,audio_features,0XtnjngdyPgVxb9qXBUeJh,spotify:track:0XtnjngdyPgVxb9qXBUeJh,https://api.spotify.com/v1/tracks/0XtnjngdyPgVxb9qXBUeJh,https://api.spotify.com/v1/audio-analysis/0XtnjngdyPgVxb9qXBUeJh,365419,4,Alive,spotify:track:0XtnjngdyPgVxb9qXBUeJh,Dabin,7lZauDnRoAC3kmaYae2opv
47,0.0766,0.393,0,-8.644,1,0.0331,0.0734,0.00845,0.0698,0.0382,77.521,audio_features,0rvG5HKq2ckaAxCZePrqXo,spotify:track:0rvG5HKq2ckaAxCZePrqXo,https://api.spotify.com/v1/tracks/0rvG5HKq2ckaAxCZePrqXo,https://api.spotify.com/v1/audio-analysis/0rvG5HKq2ckaAxCZePrqXo,175263,4,Two Hearts (feat. Mree),spotify:track:0rvG5HKq2ckaAxCZePrqXo,Dabin,7lZauDnRoAC3kmaYae2opv
48,0.478,0.718,9,-5.121,0,0.0366,0.0362,2.3e-06,0.231,0.256,151.997,audio_features,6ZxvgeoM6ipLYsQyftxImg,spotify:track:6ZxvgeoM6ipLYsQyftxImg,https://api.spotify.com/v1/tracks/6ZxvgeoM6ipLYsQyftxImg,https://api.spotify.com/v1/audio-analysis/6ZxvgeoM6ipLYsQyftxImg,351875,4,Hold (feat. Daniela Andrade),spotify:track:6ZxvgeoM6ipLYsQyftxImg,Dabin,7lZauDnRoAC3kmaYae2opv
49,0.407,0.859,3,-4.575,1,0.0924,0.0384,0.537,0.142,0.455,180.002,audio_features,4A8c8omWKVhwXGaf77GH7C,spotify:track:4A8c8omWKVhwXGaf77GH7C,https://api.spotify.com/v1/tracks/4A8c8omWKVhwXGaf77GH7C,https://api.spotify.com/v1/audio-analysis/4A8c8omWKVhwXGaf77GH7C,225290,4,Sanctuary (feat. Mree),spotify:track:4A8c8omWKVhwXGaf77GH7C,Dabin,7lZauDnRoAC3kmaYae2opv
50,0.56,0.499,8,-5.005,1,0.0569,0.0209,0.0564,0.155,0.692,170.141,audio_features,4HcJnNgSRgLLeL55gTyDlF,spotify:track:4HcJnNgSRgLLeL55gTyDlF,https://api.spotify.com/v1/tracks/4HcJnNgSRgLLeL55gTyDlF,https://api.spotify.com/v1/audio-analysis/4HcJnNgSRgLLeL55gTyDlF,211750,4,Hazy,spotify:track:4HcJnNgSRgLLeL55gTyDlF,Dabin,7lZauDnRoAC3kmaYae2opv
51,0.278,0.838,1,-5.009,1,0.0633,0.0413,0.0,0.102,0.184,92.052,audio_features,3gMyU0PCEAPl059E6CENB3,spotify:track:3gMyU0PCEAPl059E6CENB3,https://api.spotify.com/v1/tracks/3gMyU0PCEAPl059E6CENB3,https://api.spotify.com/v1/audio-analysis/3gMyU0PCEAPl059E6CENB3,238787,4,What it Was (feat. Jenni Potts),spotify:track:3gMyU0PCEAPl059E6CENB3,Dabin,7lZauDnRoAC3kmaYae2opv
52,0.378,0.402,9,-11.109,0,0.0375,0.776,0.401,0.158,0.161,144.722,audio_features,0PFhCa0rxCTPvez4OWIV0S,spotify:track:0PFhCa0rxCTPvez4OWIV0S,https://api.spotify.com/v1/tracks/0PFhCa0rxCTPvez4OWIV0S,https://api.spotify.com/v1/audio-analysis/0PFhCa0rxCTPvez4OWIV0S,158897,4,Helium (feat. Lexi Norton),spotify:track:0PFhCa0rxCTPvez4OWIV0S,Dabin,7lZauDnRoAC3kmaYae2opv
53,0.623,0.906,1,-6.322,0,0.043,0.00741,0.137,0.0943,0.189,104.993,audio_features,5exhxpK9Yl0x8gGIa2F7if,spotify:track:5exhxpK9Yl0x8gGIa2F7if,https://api.spotify.com/v1/tracks/5exhxpK9Yl0x8gGIa2F7if,https://api.spotify.com/v1/audio-analysis/5exhxpK9Yl0x8gGIa2F7if,170857,4,The Fall,spotify:track:5exhxpK9Yl0x8gGIa2F7if,Dabin,7lZauDnRoAC3kmaYae2opv
54,0.471,0.728,4,-4.913,0,0.0572,0.00789,0.000108,0.092,0.0603,150.025,audio_features,5CYTLVNiFsjEDGfiFggLv4,spotify:track:5CYTLVNiFsjEDGfiFggLv4,https://api.spotify.com/v1/tracks/5CYTLVNiFsjEDGfiFggLv4,https://api.spotify.com/v1/audio-analysis/5CYTLVNiFsjEDGfiFggLv4,289200,4,Lilith (feat. Apashe & Madi),spotify:track:5CYTLVNiFsjEDGfiFggLv4,Dabin,7lZauDnRoAC3kmaYae2opv
55,0.493,0.685,7,-6.087,1,0.055,0.0158,1.72e-06,0.116,0.14,77.502,audio_features,1kK2bIhI03HxKfhdi8rqSL,spotify:track:1kK2bIhI03HxKfhdi8rqSL,https://api.spotify.com/v1/tracks/1kK2bIhI03HxKfhdi8rqSL,https://api.spotify.com/v1/audio-analysis/1kK2bIhI03HxKfhdi8rqSL,325161,4,Worries (feat. Koda),spotify:track:1kK2bIhI03HxKfhdi8rqSL,Dabin,7lZauDnRoAC3kmaYae2opv
56,0.636,0.828,10,-4.49,1,0.0452,0.0186,0.688,0.381,0.082,128.072,audio_features,4N0nmFQIWiqQJZDJE0P9wi,spotify:track:4N0nmFQIWiqQJZDJE0P9wi,https://api.spotify.com/v1/tracks/4N0nmFQIWiqQJZDJE0P9wi,https://api.spotify.com/v1/audio-analysis/4N0nmFQIWiqQJZDJE0P9wi,267000,4,I Still Feel You,spotify:track:4N0nmFQIWiqQJZDJE0P9wi,Dabin,7lZauDnRoAC3kmaYae2opv
57,0.542,0.861,8,-5.338,1,0.106,0.0568,3.09e-06,0.101,0.271,119.958,audio_features,4WwchJUQ3LeVaJlWqF3FYE,spotify:track:4WwchJUQ3LeVaJlWqF3FYE,https://api.spotify.com/v1/tracks/4WwchJUQ3LeVaJlWqF3FYE,https://api.spotify.com/v1/audio-analysis/4WwchJUQ3LeVaJlWqF3FYE,248000,4,You & I (feat. Jenna Pemkowski),spotify:track:4WwchJUQ3LeVaJlWqF3FYE,Dabin,7lZauDnRoAC3kmaYae2opv
58,0.566,0.564,7,-7.902,0,0.0447,0.0678,0.000174,0.0637,0.0634,128.05,audio_features,3CoDVmwcXlItQXK9jagqbA,spotify:track:3CoDVmwcXlItQXK9jagqbA,https://api.spotify.com/v1/tracks/3CoDVmwcXlItQXK9jagqbA,https://api.spotify.com/v1/audio-analysis/3CoDVmwcXlItQXK9jagqbA,311870,4,Bloodless feat. Sarah Lee,spotify:track:3CoDVmwcXlItQXK9jagqbA,Dabin,7lZauDnRoAC3kmaYae2opv
59,0.587,0.797,0,-5.58,1,0.0556,0.000967,0.462,0.0797,0.208,139.927,audio_features,1aACNCfq9eTjvXfwaPqvBb,spotify:track:1aACNCfq9eTjvXfwaPqvBb,https://api.spotify.com/v1/tracks/1aACNCfq9eTjvXfwaPqvBb,https://api.spotify.com/v1/audio-analysis/1aACNCfq9eTjvXfwaPqvBb,192000,4,You,spotify:track:1aACNCfq9eTjvXfwaPqvBb,Dabin,7lZauDnRoAC3kmaYae2opv
60,0.307,0.64,5,-6.026,0,0.129,0.0145,3.12e-06,0.0884,0.175,175.341,audio_features,5JXvGclOeptXxNrsocXRQe,spotify:track:5JXvGclOeptXxNrsocXRQe,https://api.spotify.com/v1/tracks/5JXvGclOeptXxNrsocXRQe,https://api.spotify.com/v1/audio-analysis/5JXvGclOeptXxNrsocXRQe,261194,4,Endlessly feat. Anna Yvette,spotify:track:5JXvGclOeptXxNrsocXRQe,Dabin,7lZauDnRoAC3kmaYae2opv
61,0.71,0.869,10,-5.15,1,0.0532,0.0295,1.69e-06,0.112,0.448,119.95,audio_features,1rD9TRO8sNPF6iDMfnbOtF,spotify:track:1rD9TRO8sNPF6iDMfnbOtF,https://api.spotify.com/v1/tracks/1rD9TRO8sNPF6iDMfnbOtF,https://api.spotify.com/v1/audio-analysis/1rD9TRO8sNPF6iDMfnbOtF,218938,4,Embers feat. Jill Harris,spotify:track:1rD9TRO8sNPF6iDMfnbOtF,Dabin,7lZauDnRoAC3kmaYae2opv
62,0.685,0.597,0,-6.886,0,0.0655,0.00567,0.000481,0.086,0.0765,139.992,audio_features,24xgMzSLOcIcTqNmv6GAQj,spotify:track:24xgMzSLOcIcTqNmv6GAQj,https://api.spotify.com/v1/tracks/24xgMzSLOcIcTqNmv6GAQj,https://api.spotify.com/v1/audio-analysis/24xgMzSLOcIcTqNmv6GAQj,234054,4,Embers feat. Jill Harris - Kai Wachi Remix,spotify:track:24xgMzSLOcIcTqNmv6GAQj,Dabin,7lZauDnRoAC3kmaYae2opv
63,0.435,0.784,10,-5.533,1,0.0481,0.0243,0.111,0.0977,0.0388,174.915,audio_features,1fnY8pVtFE5pnmzI8uVBTP,spotify:track:1fnY8pVtFE5pnmzI8uVBTP,https://api.spotify.com/v1/tracks/1fnY8pVtFE5pnmzI8uVBTP,https://api.spotify.com/v1/audio-analysis/1fnY8pVtFE5pnmzI8uVBTP,234151,4,Embers feat. Jill Harris - Feint Remix,spotify:track:1fnY8pVtFE5pnmzI8uVBTP,Dabin,7lZauDnRoAC3kmaYae2opv
64,0.605,0.771,5,-4.324,0,0.0756,0.0148,1.45e-05,0.155,0.279,174.975,audio_features,3bK7VNOEQHX7ctTVx1vOiO,spotify:track:3bK7VNOEQHX7ctTVx1vOiO,https://api.spotify.com/v1/tracks/3bK7VNOEQHX7ctTVx1vOiO,https://api.spotify.com/v1/audio-analysis/3bK7VNOEQHX7ctTVx1vOiO,212845,4,Endlessly feat. Anna Yvette - Spag Heddy Remix,spotify:track:3bK7VNOEQHX7ctTVx1vOiO,Dabin,7lZauDnRoAC3kmaYae2opv
65,0.52,0.515,5,-4.509,0,0.0359,0.0281,1.08e-05,0.0704,0.284,154.911,audio_features,6pK5FbpCED0Qs9XHS2ci7L,spotify:track:6pK5FbpCED0Qs9XHS2ci7L,https://api.spotify.com/v1/tracks/6pK5FbpCED0Qs9XHS2ci7L,https://api.spotify.com/v1/audio-analysis/6pK5FbpCED0Qs9XHS2ci7L,301096,4,Endlessly feat. Anna Yvette - Konec Remix,spotify:track:6pK5FbpCED0Qs9XHS2ci7L,Dabin,7lZauDnRoAC3kmaYae2opv
66,0.571,0.708,1,-3.833,1,0.0327,0.0202,0.0,0.162,0.49,114.872,audio_features,06PBQ4rDmHRVfWsszDwLTa,spotify:track:06PBQ4rDmHRVfWsszDwLTa,https://api.spotify.com/v1/tracks/06PBQ4rDmHRVfWsszDwLTa,https://api.spotify.com/v1/audio-analysis/06PBQ4rDmHRVfWsszDwLTa,200347,4,Feel Like,spotify:track:06PBQ4rDmHRVfWsszDwLTa,Dabin,7lZauDnRoAC3kmaYae2opv
67,0.42,0.891,1,-2.588,1,0.128,0.00598,0.0,0.367,0.219,169.996,audio_features,5Xz6trvH41aLbxzOOLlmmi,spotify:track:5Xz6trvH41aLbxzOOLlmmi,https://api.spotify.com/v1/tracks/5Xz6trvH41aLbxzOOLlmmi,https://api.spotify.com/v1/audio-analysis/5Xz6trvH41aLbxzOOLlmmi,271059,4,Drown - Blanke Remix,spotify:track:5Xz6trvH41aLbxzOOLlmmi,Dabin,7lZauDnRoAC3kmaYae2opv
68,0.406,0.952,1,-1.145,1,0.067,0.00262,6.73e-05,0.284,0.292,174.012,audio_features,7buKibnMdxlXkYUp5CerDz,spotify:track:7buKibnMdxlXkYUp5CerDz,https://api.spotify.com/v1/tracks/7buKibnMdxlXkYUp5CerDz,https://api.spotify.com/v1/audio-analysis/7buKibnMdxlXkYUp5CerDz,252414,4,Drown - Protostar Remix,spotify:track:7buKibnMdxlXkYUp5CerDz,Dabin,7lZauDnRoAC3kmaYae2opv
69,0.483,0.663,1,-7.041,1,0.0456,0.00652,3.18e-05,0.159,0.225,100.386,audio_features,0oCCTg0c5p60HMEjWu9TlB,spotify:track:0oCCTg0c5p60HMEjWu9TlB,https://api.spotify.com/v1/tracks/0oCCTg0c5p60HMEjWu9TlB,https://api.spotify.com/v1/audio-analysis/0oCCTg0c5p60HMEjWu9TlB,259200,4,"Drown - Skybreak, N33T Remix",spotify:track:0oCCTg0c5p60HMEjWu9TlB,Dabin,7lZauDnRoAC3kmaYae2opv
70,0.427,0.936,2,-1.45,0,0.198,0.04,0.00166,0.187,0.227,144.877,audio_features,7Hcdo07WHn54SmCPVdGbU6,spotify:track:7Hcdo07WHn54SmCPVdGbU6,https://api.spotify.com/v1/tracks/7Hcdo07WHn54SmCPVdGbU6,https://api.spotify.com/v1/audio-analysis/7Hcdo07WHn54SmCPVdGbU6,192000,4,Holding On - Kompany Remix,spotify:track:7Hcdo07WHn54SmCPVdGbU6,Dabin,7lZauDnRoAC3kmaYae2opv
71,0.305,0.906,1,-1.204,1,0.0495,0.0118,0.0,0.0945,0.154,176.081,audio_features,25JWVXUPzWOGochlE18MHp,spotify:track:25JWVXUPzWOGochlE18MHp,https://api.spotify.com/v1/tracks/25JWVXUPzWOGochlE18MHp,https://api.spotify.com/v1/audio-analysis/25JWVXUPzWOGochlE18MHp,248182,4,Drown - Mazare Remix,spotify:track:25JWVXUPzWOGochlE18MHp,Dabin,7lZauDnRoAC3kmaYae2opv
72,0.541,0.714,5,-6.087,1,0.0468,0.336,0.0,0.147,0.154,146.985,audio_features,2OsA2Qq6dHs7nr0AdUYU7V,spotify:track:2OsA2Qq6dHs7nr0AdUYU7V,https://api.spotify.com/v1/tracks/2OsA2Qq6dHs7nr0AdUYU7V,https://api.spotify.com/v1/audio-analysis/2OsA2Qq6dHs7nr0AdUYU7V,192250,4,Holding On - yetep Remix,spotify:track:2OsA2Qq6dHs7nr0AdUYU7V,Dabin,7lZauDnRoAC3kmaYae2opv
73,0.361,0.785,1,-3.297,1,0.107,0.0235,0.0,0.0701,0.0592,169.924,audio_features,0xADoRW0AYr30gyRrXkA58,spotify:track:0xADoRW0AYr30gyRrXkA58,https://api.spotify.com/v1/tracks/0xADoRW0AYr30gyRrXkA58,https://api.spotify.com/v1/audio-analysis/0xADoRW0AYr30gyRrXkA58,242824,4,Drown - Effin Remix,spotify:track:0xADoRW0AYr30gyRrXkA58,Dabin,7lZauDnRoAC3kmaYae2opv
74,0.609,0.639,11,-6.239,1,0.0297,0.0193,6.29e-06,0.0623,0.435,129.976,audio_features,0jjZdcrR3G0WUMtC51gApt,spotify:track:0jjZdcrR3G0WUMtC51gApt,https://api.spotify.com/v1/tracks/0jjZdcrR3G0WUMtC51gApt,https://api.spotify.com/v1/audio-analysis/0jjZdcrR3G0WUMtC51gApt,182988,4,When This Is Over,spotify:track:0jjZdcrR3G0WUMtC51gApt,Dabin,7lZauDnRoAC3kmaYae2opv
75,0.368,0.754,1,-5.185,1,0.0502,0.00928,0.0,0.256,0.281,169.881,audio_features,6eE0f2XF699L6EtRnRMBJD,spotify:track:6eE0f2XF699L6EtRnRMBJD,https://api.spotify.com/v1/tracks/6eE0f2XF699L6EtRnRMBJD,https://api.spotify.com/v1/audio-analysis/6eE0f2XF699L6EtRnRMBJD,258679,4,Drown,spotify:track:6eE0f2XF699L6EtRnRMBJD,Dabin,7lZauDnRoAC3kmaYae2opv
76,0.606,0.782,1,-5.126,1,0.0558,0.0226,0.0,0.24,0.356,129.963,audio_features,6a1e2CD4FjOhk6bDnzlg15,spotify:track:6a1e2CD4FjOhk6bDnzlg15,https://api.spotify.com/v1/tracks/6a1e2CD4FjOhk6bDnzlg15,https://api.spotify.com/v1/audio-analysis/6a1e2CD4FjOhk6bDnzlg15,210860,4,Hearts on Fire - Timmy Trumpet Remix,spotify:track:6a1e2CD4FjOhk6bDnzlg15,Dabin,7lZauDnRoAC3kmaYae2opv
77,0.568,0.902,1,-6.39,1,0.0723,0.000819,0.0,0.109,0.159,127.132,audio_features,2w5tj9dG3Siw3VT4JHin91,spotify:track:2w5tj9dG3Siw3VT4JHin91,https://api.spotify.com/v1/tracks/2w5tj9dG3Siw3VT4JHin91,https://api.spotify.com/v1/audio-analysis/2w5tj9dG3Siw3VT4JHin91,205985,4,Hearts on Fire - Lucas & Steve Remix,spotify:track:2w5tj9dG3Siw3VT4JHin91,Dabin,7lZauDnRoAC3kmaYae2opv
78,0.596,0.841,1,-5.679,1,0.272,0.0104,2.08e-05,0.139,0.465,127.832,audio_features,0XgknhnsgmEWczJ3HbyzlF,spotify:track:0XgknhnsgmEWczJ3HbyzlF,https://api.spotify.com/v1/tracks/0XgknhnsgmEWczJ3HbyzlF,https://api.spotify.com/v1/audio-analysis/0XgknhnsgmEWczJ3HbyzlF,211875,4,Hearts on Fire - Bassjackers Remix,spotify:track:0XgknhnsgmEWczJ3HbyzlF,Dabin,7lZauDnRoAC3kmaYae2opv
79,0.234,0.752,1,-5.951,1,0.0748,0.0102,0.0,0.118,0.315,62.114,audio_features,5gpy8VcqvPox6XHAIJzuCw,spotify:track:5gpy8VcqvPox6XHAIJzuCw,https://api.spotify.com/v1/tracks/5gpy8VcqvPox6XHAIJzuCw,https://api.spotify.com/v1/audio-analysis/5gpy8VcqvPox6XHAIJzuCw,213879,4,Hearts on Fire - CORSAK & Willim Remix,spotify:track:5gpy8VcqvPox6XHAIJzuCw,Dabin,7lZauDnRoAC3kmaYae2opv
80,0.365,0.765,1,-4.449,1,0.0416,0.0088,2.06e-06,0.0959,0.241,179.955,audio_features,02oT3HvcsXD64VwOBtH8yM,spotify:track:02oT3HvcsXD64VwOBtH8yM,https://api.spotify.com/v1/tracks/02oT3HvcsXD64VwOBtH8yM,https://api.spotify.com/v1/audio-analysis/02oT3HvcsXD64VwOBtH8yM,236318,3,Hearts on Fire,spotify:track:02oT3HvcsXD64VwOBtH8yM,Dabin,7lZauDnRoAC3kmaYae2opv
81,0.557,0.781,1,-3.841,1,0.0925,0.00384,0.0,0.143,0.779,155.924,audio_features,5lAPi06NHKGPN1ez7wuJYZ,spotify:track:5lAPi06NHKGPN1ez7wuJYZ,https://api.spotify.com/v1/tracks/5lAPi06NHKGPN1ez7wuJYZ,https://api.spotify.com/v1/audio-analysis/5lAPi06NHKGPN1ez7wuJYZ,197062,4,Paper Thin,spotify:track:5lAPi06NHKGPN1ez7wuJYZ,Dabin,7lZauDnRoAC3kmaYae2opv
82,0.494,0.651,11,-4.127,0,0.0384,0.0819,0.0,0.104,0.162,149.979,audio_features,0K5xEWWrfEMPPedxrO5CkN,spotify:track:0K5xEWWrfEMPPedxrO5CkN,https://api.spotify.com/v1/tracks/0K5xEWWrfEMPPedxrO5CkN,https://api.spotify.com/v1/audio-analysis/0K5xEWWrfEMPPedxrO5CkN,222400,4,Nightlight,spotify:track:0K5xEWWrfEMPPedxrO5CkN,Dabin,7lZauDnRoAC3kmaYae2opv
83,0.337,0.387,7,-9.769,1,0.0375,0.862,1.93e-06,0.253,0.263,144.653,audio_features,4DwKs22EPkaZCS6LVp89oK,spotify:track:4DwKs22EPkaZCS6LVp89oK,https://api.spotify.com/v1/tracks/4DwKs22EPkaZCS6LVp89oK,https://api.spotify.com/v1/audio-analysis/4DwKs22EPkaZCS6LVp89oK,205241,4,Lights,spotify:track:4DwKs22EPkaZCS6LVp89oK,Dabin,7lZauDnRoAC3kmaYae2opv
84,0.498,0.32,5,-9.368,0,0.0262,0.773,0.0418,0.103,0.196,85.432,audio_features,3PLe07aq1Xfxe1APp0tjSo,spotify:track:3PLe07aq1Xfxe1APp0tjSo,https://api.spotify.com/v1/tracks/3PLe07aq1Xfxe1APp0tjSo,https://api.spotify.com/v1/audio-analysis/3PLe07aq1Xfxe1APp0tjSo,244211,4,In Flames,spotify:track:3PLe07aq1Xfxe1APp0tjSo,Dabin,7lZauDnRoAC3kmaYae2opv
85,0.31,0.314,5,-10.075,0,0.0292,0.803,0.0,0.162,0.2,149.767,audio_features,0mNPd2EKh1fX8F7kNeZESz,spotify:track:0mNPd2EKh1fX8F7kNeZESz,https://api.spotify.com/v1/tracks/0mNPd2EKh1fX8F7kNeZESz,https://api.spotify.com/v1/audio-analysis/0mNPd2EKh1fX8F7kNeZESz,270000,3,Home,spotify:track:0mNPd2EKh1fX8F7kNeZESz,Dabin,7lZauDnRoAC3kmaYae2opv
86,0.373,0.272,0,-10.526,1,0.0316,0.855,0.000223,0.113,0.142,124.906,audio_features,4IlfTweoPs0j1t1LtwEzlt,spotify:track:4IlfTweoPs0j1t1LtwEzlt,https://api.spotify.com/v1/tracks/4IlfTweoPs0j1t1LtwEzlt,https://api.spotify.com/v1/audio-analysis/4IlfTweoPs0j1t1LtwEzlt,251520,4,Bloom,spotify:track:4IlfTweoPs0j1t1LtwEzlt,Dabin,7lZauDnRoAC3kmaYae2opv
87,0.341,0.258,9,-10.288,1,0.0333,0.848,3.79e-05,0.0859,0.188,139.661,audio_features,7u9l5Xnkx5qoBtssirWVZM,spotify:track:7u9l5Xnkx5qoBtssirWVZM,https://api.spotify.com/v1/tracks/7u9l5Xnkx5qoBtssirWVZM,https://api.spotify.com/v1/audio-analysis/7u9l5Xnkx5qoBtssirWVZM,350000,4,Alive,spotify:track:7u9l5Xnkx5qoBtssirWVZM,Dabin,7lZauDnRoAC3kmaYae2opv
88,0.341,0.258,9,-10.288,1,0.0333,0.848,3.79e-05,0.0859,0.188,139.661,audio_features,0KRW5KQM2dVwCrJS0d3zxh,spotify:track:0KRW5KQM2dVwCrJS0d3zxh,https://api.spotify.com/v1/tracks/0KRW5KQM2dVwCrJS0d3zxh,https://api.spotify.com/v1/audio-analysis/0KRW5KQM2dVwCrJS0d3zxh,350000,4,Alive - Acoustic,spotify:track:0KRW5KQM2dVwCrJS0d3zxh,Dabin,7lZauDnRoAC3kmaYae2opv
